<?xml version="1.0" encoding="UTF-8"?>
<beans xmlns="http://www.springframework.org/schema/beans"
       xmlns:xsi="http://www.w3.org/2001/XMLSchema-instance" xmlns:context="http://www.springframework.org/schema/c"
       xsi:schemaLocation="http://www.springframework.org/schema/beans http://www.springframework.org/schema/beans/spring-beans.xsd">

    <!--加载db.properties文件中的内容，文件中的key要有一定的命名规则-->
    <context:property-placeholder location="/WEB-INF/db.properties"/>

    <!--配置数据源，使用dbcp连接池-->
    <bean id="dataSource" class="org.apache.commons.dbcp.BasicDataSource" destroy-method="close">
        <property name="driverClassName" value="${jdbc.driver}"/>
        <property name="url" value="${jdbc.url}"/>
        <property name="username" value="${jdbc.username}"/>
        <property name="password" value="${jdbc.password}"/>
        <property name="maxActive" value="30"/>
        <property name="maxIdle" value="5"/>
    </bean>

    <!-- 配置SqlSessionFactory -->
    <bean id="sqlSessionFactory" class="org.mybatis.spring.SqlSessionFactoryBean">
        <!-- 数据源 -->
        <property name="dataSource" ref="dataSource"/>
        <!-- 加载mybatis的全局配置文件 -->
        <property name="configLocation" value="WEB-INF/sqlMapConfig.xml"/>
    </bean>

    <!-- 配置 Mapper扫描器 -->
    <bean class="org.mybatis.spring.mapper.MapperScannerConfigurer">
        <!--扫描包路径，如果需要扫描多个包中间使用半角逗号隔开-->
        <property name="basePackage" value="com.cways.mapper"/>
        <!--这里不适用ref='sqlSessionFactory'是因为上面加载配置文件导致这边引用会报错-->
        <property name="sqlSessionFactoryBeanName" value="sqlSessionFactory"/>
    </bean>

</beans>