<?xml version="1.0" encoding="UTF-8"?>
<beans xmlns="http://www.springframework.org/schema/beans"
       xmlns:xsi="http://www.w3.org/2001/XMLSchema-instance" xmlns:context="http://www.springframework.org/schema/c"
       xmlns:mvc="http://www.springframework.org/schema/mvc"
       xsi:schemaLocation="http://www.springframework.org/schema/beans http://www.springframework.org/schema/beans/spring-beans.xsd http://www.springframework.org/schema/mvc http://www.springframework.org/schema/mvc/spring-mvc.xsd">

    <!-- 组件扫描器扫描这一层组件处理器-->
    <context:component-scan base-package="com.cways.controller.*"></context:component-scan>

    <!-- 配置注解的映射器和配置器以及其他配置 -->
    <mvc:annotation-driven></mvc:annotation-driven>

    <!--处理静态资源问题-->
    <mvc:default-servlet-handler/>
    <bean class="org.springframework.web.servlet.view.InternalResourceViewResolver">
        <property name="prefix" value="/"></property>
        <property name="suffix" value=".*"></property>
    </bean>

    <mvc:default-servlet-handler/>

    <mvc:annotation-driven />

</beans>